annee,code_insee,secteur,energie,conso_reel_mwh,conso_normal_mwh
2017,75101,RES,ELEC,120920.28,126209.88
2017,75102,RES,ELEC,143486.77,150038.01
2017,75103,RES,ELEC,157446.15,164370.36
2017,75104,RES,ELEC,130456.07,135881.49
2017,75105,RES,ELEC,186098.26,193114.38
2017,75106,RES,ELEC,185064.02,191914.95
2017,75107,RES,ELEC,213628.78,220341.91
2017,75108,RES,ELEC,271167.27,280127.18
2017,75109,RES,ELEC,251435.36,261258.74
2017,75110,RES,ELEC,304910.22,317301.68
2017,75111,RES,ELEC,448651.49,467432.25
2017,75112,RES,ELEC,351859.06,364691.35
2017,75113,RES,ELEC,378127.66,388949.17
2017,75114,RES,ELEC,325862.76,336586.71
2017,75115,RES,ELEC,566612.48,583691.33
2017,75116,RES,ELEC,511135.22,524691.58
2017,75117,RES,ELEC,477048.85,494225.66
2017,75118,RES,ELEC,485873.92,505739.08
2017,75119,RES,ELEC,380687.9,393171.26
2017,75120,RES,ELEC,420462.89,435712.3
2017,77001,RES,ELEC,6198.73,6351.37
2017,77002,RES,ELEC,3031.52,3089.84
2017,77003,RES,ELEC,1664.59,1697.22
2017,77004,RES,ELEC,1319.97,1353.82
2017,77005,RES,ELEC,10443.61,10672.28
2017,77006,RES,ELEC,4485.53,4581.07
2017,77007,RES,ELEC,1500.06,1532.66
2017,77008,RES,ELEC,3440.31,3509.62
2017,77009,RES,ELEC,656.81,667.93
2017,77010,RES,ELEC,4094.55,4200.64
2017,77011,RES,ELEC,2322.39,2371.29
2017,77012,RES,ELEC,1104.08,1122.45
2017,77013,RES,ELEC,1808.21,1848.99
2017,77014,RES,ELEC,30078.36,30546.41
2017,77015,RES,ELEC,356.27,361.95
2017,77016,RES,ELEC,4502.83,4580.75
2017,77018,RES,ELEC,21130.61,21598.89
2017,77019,RES,ELEC,1330.71,1356.68
2017,77020,RES,ELEC,2941.98,3006.76
2017,77021,RES,ELEC,780.26,798.23
2017,77022,RES,ELEC,9130.01,9294.88
2017,77023,RES,ELEC,918.68,934.49
2017,77024,RES,ELEC,1358.87,1384.75
2017,77025,RES,ELEC,3279.84,3336.02
2017,77026,RES,ELEC,1420.37,1444.37
2017,77027,RES,ELEC,4674.44,4781.39
2017,77029,RES,ELEC,961.35,984.81
2017,77030,RES,ELEC,2924.26,2978.79
2017,77031,RES,ELEC,3262.58,3325.34
2017,77032,RES,ELEC,3211.81,3275.23
2017,77033,RES,ELEC,805.15,820.9
2017,77034,RES,ELEC,2885.44,2946.32
2017,77035,RES,ELEC,2688.05,2740.36
2017,77036,RES,ELEC,495.87,502.88
2017,77037,RES,ELEC,21023.16,21432.13
2017,77038,RES,ELEC,1915.95,1957.06
2017,77039,RES,ELEC,3826.29,3906.06
2017,77040,RES,ELEC,9867.14,10011.74
2017,77041,RES,ELEC,1458.6,1487.91
2017,77042,RES,ELEC,10743.31,10952.55
2017,77043,RES,ELEC,1596.2,1628.59
2017,77044,RES,ELEC,2727.06,2777.42
2017,77045,RES,ELEC,2667.05,2718.45
2017,77046,RES,ELEC,1682,1723.12
2017,77047,RES,ELEC,4981.71,5099.41
2017,77048,RES,ELEC,10896.63,11096.1
2017,77049,RES,ELEC,3910.02,3996.73
2017,77050,RES,ELEC,2594.42,2644.85
2017,77051,RES,ELEC,9189.51,9431.11
2017,77052,RES,ELEC,1200.27,1223.93
2017,77053,RES,ELEC,50822,52033.19
2017,77054,RES,ELEC,2285.6,2326.38
2017,77055,RES,ELEC,8614.16,8772.21
2017,77056,RES,ELEC,613.34,622.41
2017,77057,RES,ELEC,1486.4,1515.6
2017,77058,RES,ELEC,53722.92,54614.8
2017,77059,RES,ELEC,4156.97,4265.09
2017,77060,RES,ELEC,3459.72,3536.02
2017,77061,RES,ELEC,8369.53,8578.55
2017,77062,RES,ELEC,1842.06,1880
2017,77063,RES,ELEC,4918.43,5030.76
2017,77065,RES,ELEC,4813.86,4898.56
2017,77066,RES,ELEC,1247.84,1272.07
2017,77067,RES,ELEC,21944.26,22225.37
2017,77068,RES,ELEC,1055.58,1077.51
2017,77069,RES,ELEC,7797.4,7939.97
2017,77070,RES,ELEC,5255.62,5374.91
2017,77071,RES,ELEC,3837.9,3909.78
2017,77072,RES,ELEC,2718.03,2775.71
2017,77073,RES,ELEC,2319.01,2363.47
2017,77075,RES,ELEC,4967.45,5083.8
2017,77076,RES,ELEC,2556.36,2600.73
2017,77077,RES,ELEC,3134.32,3198.8
2017,77078,RES,ELEC,4171.92,4253.18
2017,77079,RES,ELEC,15501.43,15798.05
2017,77080,RES,ELEC,880.51,897.91
2017,77081,RES,ELEC,2732.68,2804.29
2017,77082,RES,ELEC,3341.13,3422.2
2017,77083,RES,ELEC,55320.43,56619.33
2017,77084,RES,ELEC,3751.74,3821
2017,77085,RES,ELEC,10388.8,10570.77
2017,77086,RES,ELEC,4614.43,4716.76
2017,77087,RES,ELEC,693.55,709.4
2017,77088,RES,ELEC,8889.09,9115.64
2017,77089,RES,ELEC,4173.95,4272.74
2017,77090,RES,ELEC,751.19,767.15
2017,77091,RES,ELEC,1823.87,1868.91
2017,77093,RES,ELEC,1958.37,1997.24
2017,77094,RES,ELEC,1242.66,1274.31
2017,77095,RES,ELEC,5104.98,5230.67
2017,77096,RES,ELEC,8784.91,8930.5
2017,77097,RES,ELEC,1067.7,1091.05
2017,77098,RES,ELEC,1318.79,1346.52
2017,77099,RES,ELEC,11434.07,11665.51
2017,77100,RES,ELEC,14824.47,15185.86
2017,77101,RES,ELEC,4065.13,4162.66
2017,77102,RES,ELEC,619.66,630.37
2017,77103,RES,ELEC,1021.06,1043.72
2017,77104,RES,ELEC,3084.57,3152.77
2017,77106,RES,ELEC,3670.59,3746.83
2017,77107,RES,ELEC,11736.89,12028.4
2017,77108,RES,ELEC,124390.08,126613.62
2017,77109,RES,ELEC,5882.77,6008.43
2017,77110,RES,ELEC,1378.97,1406.47
2017,77111,RES,ELEC,17150.83,17554.08
2017,77112,RES,ELEC,1036.15,1055.07
2017,77113,RES,ELEC,3802.64,3880.19
2017,77114,RES,ELEC,13144.73,13414.31
2017,77115,RES,ELEC,2324.15,2372.52
2017,77116,RES,ELEC,5250.13,5340.96
2017,77117,RES,ELEC,2589.88,2640.28
2017,77118,RES,ELEC,39975.24,40891.03
2017,77119,RES,ELEC,861.04,877.06
2017,77120,RES,ELEC,2366.05,2422.02
2017,77121,RES,ELEC,13027.82,13317.51
2017,77122,RES,ELEC,52417.46,53467.19
2017,77123,RES,ELEC,2423.18,2480.48
2017,77124,RES,ELEC,4685.53,4752.34
2017,77125,RES,ELEC,4822.06,4925.54
2017,77126,RES,ELEC,5622.22,5737.39
2017,77127,RES,ELEC,5588.37,5723.46
2017,77128,RES,ELEC,7230.14,7392.09
2017,77129,RES,ELEC,2285.53,2331.49
2017,77130,RES,ELEC,1848.35,1887.78
2017,77131,RES,ELEC,48807.83,49929.12
2017,77132,RES,ELEC,10175.4,10415.78
2017,77133,RES,ELEC,1011.65,1033.68
2017,77134,RES,ELEC,682.38,697.24
2017,77135,RES,ELEC,4899.83,5011.38
2017,77136,RES,ELEC,921.68,942.03
2017,77137,RES,ELEC,878.2,896.81
2017,77138,RES,ELEC,2563.4,2624.67
2017,77139,RES,ELEC,18561.62,18962.06
2017,77140,RES,ELEC,1066.06,1089.76
2017,77141,RES,ELEC,3495.41,3562.03
2017,77142,RES,ELEC,18700.08,19145.39
2017,77143,RES,ELEC,15157.67,15567.2
2017,77144,RES,ELEC,1691.47,1729.06
2017,77145,RES,ELEC,2360.07,2413.52
2017,77146,RES,ELEC,11438.81,11761.21
2017,77147,RES,ELEC,2561.01,2609.21
2017,77148,RES,ELEC,6232.54,6378.55
2017,77150,RES,ELEC,1710.63,1754.19
2017,77151,RES,ELEC,1140.28,1162.07
2017,77152,RES,ELEC,49219.99,50118.05
2017,77153,RES,ELEC,31362.55,32128.51
2017,77154,RES,ELEC,3786.57,3865.83
2017,77155,RES,ELEC,10055.4,10271.82
2017,77156,RES,ELEC,2703.39,2745.9
2017,77157,RES,ELEC,1155.46,1178.62
2017,77158,RES,ELEC,942.19,961.41
2017,77159,RES,ELEC,9840.34,10047.96
2017,77161,RES,ELEC,3898.14,3981.4
2017,77162,RES,ELEC,3840.14,3919.63
2017,77163,RES,ELEC,1055.37,1077.44
2017,77164,RES,ELEC,2299.29,2351.96
2017,77165,RES,ELEC,2614.17,2678
2017,77167,RES,ELEC,1162.37,1187.53
2017,77168,RES,ELEC,9311.96,9521.25
2017,77169,RES,ELEC,21615.45,22171.61
2017,77171,RES,ELEC,18001.28,18358.69
2017,77172,RES,ELEC,3602.53,3675.88
2017,77173,RES,ELEC,2606.83,2662.71
2017,77174,RES,ELEC,2077.47,2117.47
2017,77175,RES,ELEC,10051.66,10267.39
2017,77176,RES,ELEC,9902.53,10138.15
2017,77177,RES,ELEC,4241.47,4334.42
2017,77178,RES,ELEC,2166.64,2215.14
2017,77179,RES,ELEC,2254.6,2290.32
2017,77180,RES,ELEC,3966.04,4032.56
2017,77181,RES,ELEC,11319.61,11590.98
2017,77182,RES,ELEC,15249.5,15600.02
2017,77183,RES,ELEC,32022.51,32827.52
2017,77184,RES,ELEC,2499.43,2549.98
2017,77185,RES,ELEC,2971.15,3033.99
2017,77186,RES,ELEC,50212.04,51343.45
2017,77187,RES,ELEC,2115.09,2156.12
2017,77188,RES,ELEC,4106.15,4183.83
2017,77190,RES,ELEC,1093.89,1117.76
2017,77191,RES,ELEC,3755.69,3838.9
2017,77192,RES,ELEC,20060.6,20547.15
2017,77193,RES,ELEC,985.04,1005.84
2017,77194,RES,ELEC,1449.79,1478.19
2017,77195,RES,ELEC,2178.49,2228.65
2017,77196,RES,ELEC,2888.06,2954.15
2017,77197,RES,ELEC,761.37,777.11
2017,77198,RES,ELEC,1022.32,1044.52
2017,77199,RES,ELEC,3734.75,3822.7
2017,77200,RES,ELEC,433.32,442.33
2017,77201,RES,ELEC,2640.98,2699.4
2017,77202,RES,ELEC,2538.44,2589
2017,77203,RES,ELEC,5832.37,5967.34
2017,77204,RES,ELEC,856.38,873.82
2017,77205,RES,ELEC,582.2,594.07
2017,77206,RES,ELEC,756.28,773.64
2017,77207,RES,ELEC,542.22,550.61
2017,77208,RES,ELEC,4470.52,4548.16
2017,77209,RES,ELEC,4358.19,4452.55
2017,77210,RES,ELEC,10383.22,10615.67
2017,77211,RES,ELEC,3692.34,3768.65
2017,77212,RES,ELEC,878.41,896.64
2017,77214,RES,ELEC,2485.72,2515.27
2017,77215,RES,ELEC,24047.35,24567.8
2017,77216,RES,ELEC,5874.87,5994.95
2017,77217,RES,ELEC,8504.87,8676.94
2017,77218,RES,ELEC,588.39,601.81
2017,77219,RES,ELEC,9677.3,9870.45
2017,77220,RES,ELEC,1131.37,1155.57
2017,77221,RES,ELEC,3282.32,3324.33
2017,77222,RES,ELEC,12690.2,13013.85
2017,77223,RES,ELEC,2491.65,2537.77
2017,77224,RES,ELEC,724.34,741.95
2017,77225,RES,ELEC,1291.78,1318.77
2017,77226,RES,ELEC,9231.26,9416.53
2017,77227,RES,ELEC,2765.86,2821.52
2017,77228,RES,ELEC,1068.53,1090.41
2017,77229,RES,ELEC,5960.48,6082.95
2017,77230,RES,ELEC,681.78,698.19
2017,77231,RES,ELEC,2711.51,2775.58
2017,77232,RES,ELEC,3617.98,3690.02
2017,77233,RES,ELEC,2298.75,2358.8
2017,77234,RES,ELEC,2468.55,2524.59
2017,77235,RES,ELEC,1255.96,1279.52
2017,77236,RES,ELEC,1678.83,1711.97
2017,77237,RES,ELEC,2730.46,2791.89
2017,77238,RES,ELEC,13828.41,14145.2
2017,77239,RES,ELEC,6652.19,6803.78
2017,77240,RES,ELEC,7254.82,7396.2
2017,77241,RES,ELEC,6134.16,6280.23
2017,77242,RES,ELEC,1848.01,1882.55
2017,77243,RES,ELEC,58637.24,59943.55
2017,77244,RES,ELEC,3753.41,3838.06
2017,77245,RES,ELEC,1759.28,1795.86
2017,77246,RES,ELEC,2286.79,2332.41
2017,77247,RES,ELEC,1762.8,1793.38
2017,77248,RES,ELEC,2375.83,2421.06
2017,77249,RES,ELEC,22263.85,22670.6
2017,77250,RES,ELEC,589.3,600.44
2017,77251,RES,ELEC,32092.7,32752.97
2017,77252,RES,ELEC,1825.92,1857.93
2017,77253,RES,ELEC,1076.22,1099.63
2017,77254,RES,ELEC,4934.45,5045.22
2017,77255,RES,ELEC,5466.19,5563.86
2017,77256,RES,ELEC,809.32,827.92
2017,77257,RES,ELEC,10778.07,11048.94
2017,77258,RES,ELEC,29531,30118.51
2017,77259,RES,ELEC,6921.18,7100.54
2017,77260,RES,ELEC,5589.67,5715.23
2017,77261,RES,ELEC,4766.56,4859.61
2017,77262,RES,ELEC,2126.86,2173.7
2017,77263,RES,ELEC,680.8,693.11
2017,77264,RES,ELEC,6020.36,6156.13
2017,77265,RES,ELEC,3580.21,3652.3
2017,77266,RES,ELEC,2614,2667.58
2017,77267,RES,ELEC,1410.32,1437.46
2017,77268,RES,ELEC,21432.94,21843.51
2017,77269,RES,ELEC,6266.97,6407.09
2017,77270,RES,ELEC,3711.17,3799.05
2017,77271,RES,ELEC,542.63,553.64
2017,77272,RES,ELEC,3408.41,3481.77
2017,77273,RES,ELEC,1675.15,1710.97
2017,77274,RES,ELEC,1596.24,1635.27
2017,77275,RES,ELEC,615.1,628.78
2017,77276,RES,ELEC,9887.07,10096.52
2017,77277,RES,ELEC,5770.55,5894.92
2017,77278,RES,ELEC,1659.17,1696.01
2017,77279,RES,ELEC,6407.68,6552.55
2017,77280,RES,ELEC,3754.45,3839.39
2017,77281,RES,ELEC,1793.13,1827.49
2017,77282,RES,ELEC,1369.65,1400.83
2017,77283,RES,ELEC,3089.31,3166.25
2017,77284,RES,ELEC,127830.63,130559.97
2017,77285,RES,ELEC,39256.14,39988.16
2017,77286,RES,ELEC,882.14,898.65
2017,77287,RES,ELEC,1759.15,1792.47
2017,77288,RES,ELEC,91901.82,94098.85
2017,77289,RES,ELEC,1551.43,1581.35
2017,77290,RES,ELEC,2060.67,2097.29
2017,77291,RES,ELEC,3556.86,3651.79
2017,77292,RES,ELEC,4145.15,4248.54
2017,77293,RES,ELEC,4133.18,4216.13
2017,77294,RES,ELEC,41835.92,42564.1
2017,77295,RES,ELEC,4320.82,4406.11
2017,77296,RES,ELEC,38782.16,39567.6
2017,77297,RES,ELEC,1358.17,1386.04
2017,77298,RES,ELEC,1702.16,1729.18
2017,77300,RES,ELEC,1875.77,1910.49
2017,77301,RES,ELEC,1486.21,1516.28
2017,77302,RES,ELEC,5864.23,5963.11
2017,77303,RES,ELEC,905.06,917.87
2017,77304,RES,ELEC,133.79,135.67
2017,77305,RES,ELEC,46171.46,47137.4
2017,77306,RES,ELEC,2415.44,2474.48
2017,77307,RES,ELEC,36046.33,36960.98
2017,77308,RES,ELEC,3349.27,3429.68
2017,77309,RES,ELEC,5809.62,5944
2017,77310,RES,ELEC,1272.97,1298.18
2017,77311,RES,ELEC,5508.05,5632.39
2017,77312,RES,ELEC,12405.18,12664.59
2017,77313,RES,ELEC,850.28,864.84
2017,77314,RES,ELEC,976.76,995.05
2017,77315,RES,ELEC,11122.59,11349.81
2017,77316,RES,ELEC,42922.51,43790.9
2017,77317,RES,ELEC,13333.46,13609.24
2017,77318,RES,ELEC,5336.51,5463.91
2017,77319,RES,ELEC,679.04,690.02
2017,77320,RES,ELEC,18218.6,18627.67
2017,77321,RES,ELEC,2673.87,2725.02
2017,77322,RES,ELEC,9971.66,10189.35
2017,77323,RES,ELEC,4556.42,4681
2017,77325,RES,ELEC,1415.53,1442.53
2017,77326,RES,ELEC,12442.96,12639.67
2017,77327,RES,ELEC,21499,21932.64
2017,77328,RES,ELEC,1925.21,1961.59
2017,77329,RES,ELEC,2205.94,2246.33
2017,77330,RES,ELEC,20320.44,20798.61
2017,77331,RES,ELEC,1565.62,1602.94
2017,77332,RES,ELEC,1022.8,1047.76
2017,77333,RES,ELEC,36847.11,37604.48
2017,77335,RES,ELEC,8189.83,8365.7
2017,77336,RES,ELEC,3340.87,3414.3
2017,77337,RES,ELEC,25657.69,26112.8
2017,77338,RES,ELEC,2262.24,2311.35
2017,77339,RES,ELEC,10982.57,11232.02
2017,77340,RES,ELEC,2617.58,2675.17
2017,77341,RES,ELEC,1617.95,1650.06
2017,77342,RES,ELEC,484.48,492.95
2017,77343,RES,ELEC,1910.12,1956.08
2017,77344,RES,ELEC,7004.06,7157.61
2017,77345,RES,ELEC,2309.47,2352.71
2017,77347,RES,ELEC,3087.24,3139.13
2017,77348,RES,ELEC,874.43,891.35
2017,77349,RES,ELEC,18393.78,18763.48
2017,77350,RES,ELEC,67366.67,69056.55
2017,77352,RES,ELEC,6897.49,7042.23
2017,77353,RES,ELEC,2436.29,2484.31
2017,77354,RES,ELEC,3402.5,3467.99
2017,77355,RES,ELEC,720.97,735.25
2017,77356,RES,ELEC,313.92,320.17
2017,77357,RES,ELEC,3239.68,3318.12
2017,77358,RES,ELEC,3609.22,3685.88
2017,77359,RES,ELEC,7846.93,8012.65
2017,77360,RES,ELEC,1484.36,1510.98
2017,77361,RES,ELEC,2076.16,2129.09
2017,77363,RES,ELEC,5374.98,5498.9
2017,77364,RES,ELEC,1181.54,1211.63
2017,77365,RES,ELEC,2560.83,2627.2
2017,77366,RES,ELEC,1042.04,1068.41
2017,77367,RES,ELEC,915.63,937.9
2017,77368,RES,ELEC,2286.73,2336.58
2017,77369,RES,ELEC,3189.24,3250.37
2017,77370,RES,ELEC,3684.77,3763.06
2017,77371,RES,ELEC,11274.04,11513.75
2017,77372,RES,ELEC,11368.45,11589.8
2017,77373,RES,ELEC,96171.09,98143.53
2017,77374,RES,ELEC,6609.69,6747.42
2017,77376,RES,ELEC,2388.73,2443.76
2017,77377,RES,ELEC,7804.35,7980.31
2017,77378,RES,ELEC,10834.75,11101.33
2017,77379,RES,ELEC,40333.04,41326.35
2017,77380,RES,ELEC,1022.09,1044.68
2017,77381,RES,ELEC,2550.44,2607.69
2017,77382,RES,ELEC,17485.78,17853.97
2017,77383,RES,ELEC,3003.01,3066.99
2017,77384,RES,ELEC,4280.51,4381.6
2017,77385,RES,ELEC,8541.43,8726.58
2017,77386,RES,ELEC,3357.14,3426.48
2017,77387,RES,ELEC,1858.01,1894.64
2017,77388,RES,ELEC,2765.95,2822.31
2017,77389,RES,ELEC,8109.87,8231.09
2017,77390,RES,ELEC,47421.35,48345.67
2017,77391,RES,ELEC,1657.66,1686.17
2017,77392,RES,ELEC,2569.87,2638.51
2017,77393,RES,ELEC,9025.21,9211.58
2017,77394,RES,ELEC,8424.68,8635.87
2017,77395,RES,ELEC,682.16,695.01
2017,77396,RES,ELEC,370.48,376.68
2017,77397,RES,ELEC,6644.87,6778.46
2017,77398,RES,ELEC,2882.71,2943.18
2017,77400,RES,ELEC,6789.94,6915.82
2017,77401,RES,ELEC,2555.77,2601.83
2017,77402,RES,ELEC,1325.71,1350.53
2017,77403,RES,ELEC,3148.26,3212.59
2017,77404,RES,ELEC,5879.62,5994.55
2017,77405,RES,ELEC,7427.24,7567.2
2017,77406,RES,ELEC,3601.55,3672.37
2017,77407,RES,ELEC,43688.65,44710.53
2017,77408,RES,ELEC,1639.17,1680.55
2017,77409,RES,ELEC,8886.87,9091.87
2017,77410,RES,ELEC,3128.57,3208.13
2017,77411,RES,ELEC,1812.83,1848.6
2017,77412,RES,ELEC,1160.84,1179.31
2017,77413,RES,ELEC,11784.08,12026.4
2017,77414,RES,ELEC,1817.38,1854.61
2017,77415,RES,ELEC,4344.44,4438.39
2017,77416,RES,ELEC,995.01,1015.76
2017,77417,RES,ELEC,688.65,700.09
2017,77418,RES,ELEC,3285.81,3349.65
2017,77419,RES,ELEC,10916.39,11171.98
2017,77420,RES,ELEC,12670.08,12941.58
2017,77421,RES,ELEC,1159.73,1185.36
2017,77423,RES,ELEC,2253.42,2297.02
2017,77424,RES,ELEC,1091.68,1110.33
2017,77425,RES,ELEC,3644.37,3717.06
2017,77426,RES,ELEC,1296.87,1329.8
2017,77427,RES,ELEC,2458.19,2520.26
2017,77428,RES,ELEC,3077.05,3146.87
2017,77429,RES,ELEC,1819.09,1855.2
2017,77430,RES,ELEC,18088.87,18486.51
2017,77431,RES,ELEC,17951.13,18297.43
2017,77432,RES,ELEC,3736.25,3812.27
2017,77433,RES,ELEC,7573.01,7715.03
2017,77434,RES,ELEC,1971.78,2023.55
2017,77435,RES,ELEC,5326.18,5443.13
2017,77436,RES,ELEC,3367.46,3435.51
2017,77437,RES,ELEC,11364.29,11606.89
2017,77438,RES,ELEC,16292.2,16520.62
2017,77439,RES,ELEC,3539.99,3609.18
2017,77440,RES,ELEC,3946.38,4026.52
2017,77441,RES,ELEC,6851.64,6948.53
2017,77442,RES,ELEC,8482.9,8639.88
2017,77443,RES,ELEC,1324.72,1353.99
2017,77444,RES,ELEC,1417.78,1442.03
2017,77445,RES,ELEC,60211.88,61368.65
2017,77446,RES,ELEC,2684.95,2744.78
2017,77447,RES,ELEC,6483.35,6600.81
2017,77448,RES,ELEC,2122.93,2167.03
2017,77449,RES,ELEC,32932.93,33741
2017,77450,RES,ELEC,11076.99,11273.1
2017,77451,RES,ELEC,2175.4,2220.34
2017,77452,RES,ELEC,419.37,427.43
2017,77453,RES,ELEC,4590.21,4693.12
2017,77454,RES,ELEC,1596.63,1625.54
2017,77455,RES,ELEC,7784.54,7960.15
2017,77456,RES,ELEC,2759.94,2803.55
2017,77457,RES,ELEC,4359.69,4458.93
2017,77458,RES,ELEC,17238.19,17593.44
2017,77459,RES,ELEC,4748.58,4837.58
2017,77460,RES,ELEC,1543.24,1575.32
2017,77461,RES,ELEC,1252.24,1274.38
2017,77462,RES,ELEC,2882.8,2957.22
2017,77463,RES,ELEC,11745.41,11958.26
2017,77464,RES,ELEC,24700.77,25232.98
2017,77465,RES,ELEC,2546.97,2602.61
2017,77466,RES,ELEC,1808.65,1846.2
2017,77467,RES,ELEC,970.51,992.04
2017,77468,RES,ELEC,47557.48,48567
2017,77469,RES,ELEC,4392.91,4476.91
2017,77470,RES,ELEC,24498.25,25063.05
2017,77471,RES,ELEC,1692.88,1731.18
2017,77472,RES,ELEC,1722.88,1754.59
2017,77473,RES,ELEC,1864.88,1899.87
2017,77474,RES,ELEC,2851.71,2926.14
2017,77475,RES,ELEC,15077.62,15396.44
2017,77476,RES,ELEC,992.62,1015.6
2017,77477,RES,ELEC,3754.4,3832.87
2017,77478,RES,ELEC,3379.17,3446.16
2017,77479,RES,ELEC,27578.7,28172.03
2017,77480,RES,ELEC,2789.54,2841.99
2017,77481,RES,ELEC,656.63,670.97
2017,77482,RES,ELEC,10600.91,10799.18
2017,77483,RES,ELEC,6887.72,7046.94
2017,77484,RES,ELEC,890.16,910.67
2017,77485,RES,ELEC,4126.16,4216.02
2017,77486,RES,ELEC,3532.85,3607.58
2017,77487,RES,ELEC,30871.53,31435.61
2017,77489,RES,ELEC,580.17,591.26
2017,77490,RES,ELEC,2410.08,2455.83
2017,77492,RES,ELEC,3092.26,3150.38
2017,77493,RES,ELEC,9392.69,9606.29
2017,77494,RES,ELEC,10261.68,10500.97
2017,77495,RES,ELEC,19700.41,20048.77
2017,77496,RES,ELEC,821.14,839.91
2017,77498,RES,ELEC,1025.93,1047.3
2017,77500,RES,ELEC,2160.1,2197.61
2017,77501,RES,ELEC,3597.45,3691.73
2017,77504,RES,ELEC,4292.31,4372.38
2017,77505,RES,ELEC,1357.25,1387.38
2017,77506,RES,ELEC,3082.98,3150.11
2017,77507,RES,ELEC,1659.81,1686.92
2017,77508,RES,ELEC,6684.07,6840.28
2017,77509,RES,ELEC,2450.18,2504.22
2017,77510,RES,ELEC,2776.73,2835.57
2017,77511,RES,ELEC,2782.2,2864.3
2017,77512,RES,ELEC,3989.53,4065.48
2017,77513,RES,ELEC,14643.66,15018.88
2017,77514,RES,ELEC,65129.15,66694.44
2017,77515,RES,ELEC,2819.67,2890.06
2017,77516,RES,ELEC,3604.03,3686.36
2017,77517,RES,ELEC,7751.93,7919.48
2017,77518,RES,ELEC,2615.32,2673.48
2017,77519,RES,ELEC,4275.05,4365.97
2017,77520,RES,ELEC,3214.39,3276.65
2017,77521,RES,ELEC,6917.55,7068.25
2017,77522,RES,ELEC,1288.13,1312.74
2017,77523,RES,ELEC,1141.37,1161.74
2017,77524,RES,ELEC,2223.26,2270.88
2017,77525,RES,ELEC,1460.86,1498.43
2017,77526,RES,ELEC,980.93,1003.16
2017,77527,RES,ELEC,2218.49,2265.67
2017,77528,RES,ELEC,2960.48,3003.29
2017,77529,RES,ELEC,5705.38,5815.21
2017,77530,RES,ELEC,1176.66,1201.05
2017,77531,RES,ELEC,7127.35,7278.17
2017,77532,RES,ELEC,320.28,326.93
2017,77533,RES,ELEC,10177.59,10392.6
2017,77534,RES,ELEC,3255.53,3324.54
2017,78003,RES,ELEC,12477.55,12775.47
2017,78005,RES,ELEC,43565.52,44275.67
2017,78006,RES,ELEC,3993.15,4081.57
2017,78007,RES,ELEC,3458.96,3513.38
2017,78009,RES,ELEC,1148.76,1178.17
2017,78010,RES,ELEC,5762.77,5892.87
2017,78013,RES,ELEC,1886.05,1932.87
2017,78015,RES,ELEC,30453.42,31132.84
2017,78020,RES,ELEC,1264,1288.35
2017,78029,RES,ELEC,31005.22,31764.32
2017,78030,RES,ELEC,7845.69,7997.87
2017,78031,RES,ELEC,2110.18,2147.63
2017,78033,RES,ELEC,5068.12,5205.79
2017,78034,RES,ELEC,3943.86,4037.05
2017,78036,RES,ELEC,2623.65,2690.65
2017,78043,RES,ELEC,10385.93,10610.63
2017,78048,RES,ELEC,5872.87,5996.65
2017,78049,RES,ELEC,7947.77,8155.91
2017,78050,RES,ELEC,3307.32,3382.76
2017,78053,RES,ELEC,3697,3773.01
2017,78057,RES,ELEC,6389.07,6528.79
2017,78062,RES,ELEC,21724.43,22122.53
2017,78068,RES,ELEC,3760.38,3842.93
2017,78070,RES,ELEC,1272.96,1306.41
2017,78071,RES,ELEC,2648.81,2715.11
2017,78072,RES,ELEC,1353.67,1385.48
2017,78073,RES,ELEC,30924.96,31483.74
2017,78076,RES,ELEC,5893.01,6010.37
2017,78077,RES,ELEC,3304.5,3379.89
2017,78082,RES,ELEC,2427.41,2482.77
2017,78084,RES,ELEC,2585.29,2651.87
2017,78087,RES,ELEC,7092.69,7247.69
2017,78089,RES,ELEC,14202.83,14529.08
2017,78090,RES,ELEC,7829.21,7984.1
2017,78092,RES,ELEC,22843.33,23342.88
2017,78096,RES,ELEC,3074.02,3144.58
2017,78104,RES,ELEC,3051.45,3130.28
2017,78107,RES,ELEC,8003.48,8191.75
2017,78108,RES,ELEC,4943.29,5046.92
2017,78113,RES,ELEC,3253.14,3338.71
2017,78117,RES,ELEC,17602.57,17983.46
2017,78118,RES,ELEC,10348.87,10585.17
2017,78120,RES,ELEC,7377.35,7543.03
2017,78123,RES,ELEC,39251.99,40307.17
2017,78124,RES,ELEC,37618.64,38437.82
2017,78125,RES,ELEC,4084.65,4181.71
2017,78126,RES,ELEC,37843.36,38407.84
2017,78128,RES,ELEC,6785.53,6958.07
2017,78133,RES,ELEC,20488.69,20955.45
2017,78138,RES,ELEC,22149.38,22711.93
2017,78140,RES,ELEC,4848.42,4955.07
2017,78143,RES,ELEC,4631.52,4715.02
2017,78146,RES,ELEC,66294.91,67299.63
2017,78147,RES,ELEC,2064.54,2113.63
2017,78152,RES,ELEC,7080.13,7209.59
2017,78158,RES,ELEC,67766.67,69032.49
2017,78160,RES,ELEC,21212.74,21719.4
2017,78162,RES,ELEC,2937.6,3006.41
2017,78163,RES,ELEC,1903,1945.35
2017,78164,RES,ELEC,4911.08,5038.64
2017,78165,RES,ELEC,43667.52,44641.6
2017,78168,RES,ELEC,17344.75,17653.27
2017,78171,RES,ELEC,5693.14,5837.31
2017,78172,RES,ELEC,90710.79,92575.81
2017,78185,RES,ELEC,1895.53,1936.34
2017,78188,RES,ELEC,2157.03,2203.2
2017,78189,RES,ELEC,6609.98,6729.82
2017,78190,RES,ELEC,31835.42,32537.46
2017,78192,RES,ELEC,3910.63,3986.04
2017,78193,RES,ELEC,5101.62,5213.12
2017,78194,RES,ELEC,1303.99,1342.19
2017,78196,RES,ELEC,1492.61,1524.17
2017,78202,RES,ELEC,2357.26,2415.59
2017,78206,RES,ELEC,11801.06,12044.26
2017,78208,RES,ELEC,50892.44,51840.64
2017,78209,RES,ELEC,3662.74,3752.89
2017,78217,RES,ELEC,21214.06,21682.67
2017,78220,RES,ELEC,22320.36,22814.82
2017,78224,RES,ELEC,14069.2,14289.45
2017,78227,RES,ELEC,2987.7,3058.58
2017,78230,RES,ELEC,2110.12,2158.77
2017,78231,RES,ELEC,767.59,786.45
2017,78233,RES,ELEC,14104.85,14418.6
2017,78234,RES,ELEC,845.94,866.56
2017,78236,RES,ELEC,1479,1517.88
2017,78237,RES,ELEC,1333,1367.01
2017,78238,RES,ELEC,9529.66,9770.25
2017,78239,RES,ELEC,6322.19,6461.48
2017,78242,RES,ELEC,24934.68,25502.89
2017,78245,RES,ELEC,1618.15,1656.32
2017,78246,RES,ELEC,3232.58,3290.87
2017,78255,RES,ELEC,12970.6,13237.18
2017,78261,RES,ELEC,2412.8,2466.57
2017,78262,RES,ELEC,4595.98,4697.97
2017,78263,RES,ELEC,12706.94,13001.99
2017,78264,RES,ELEC,404.75,414.83
2017,78265,RES,ELEC,10423.28,10673.05
2017,78267,RES,ELEC,22413.57,22912.68
2017,78269,RES,ELEC,6532.83,6691.08
2017,78276,RES,ELEC,2342.32,2390.92
2017,78278,RES,ELEC,2657.67,2720.94
2017,78281,RES,ELEC,2895.73,2965.74
2017,78283,RES,ELEC,1268.14,1296.17
2017,78285,RES,ELEC,2761.95,2822.71
2017,78289,RES,ELEC,5793.55,5911.52
2017,78290,RES,ELEC,3824.02,3912.4
2017,78291,RES,ELEC,8562.1,8777.52
2017,78296,RES,ELEC,2521.54,2574.46
2017,78297,RES,ELEC,65263.19,66769.96
2017,78299,RES,ELEC,7508.29,7657.51
2017,78300,RES,ELEC,1888.2,1937.08
2017,78302,RES,ELEC,1451.55,1480.13
2017,78305,RES,ELEC,1504.61,1539.88
2017,78307,RES,ELEC,4846.19,4953.85
2017,78310,RES,ELEC,1677,1719.75
2017,78311,RES,ELEC,74777.12,76348.03
2017,78314,RES,ELEC,11619.61,11861.99
2017,78317,RES,ELEC,3079.19,3152.87
2017,78320,RES,ELEC,3160.28,3228.28
2017,78321,RES,ELEC,19962.21,20397.77
2017,78322,RES,ELEC,22278.9,22777.21
2017,78324,RES,ELEC,2236.17,2289.85
2017,78325,RES,ELEC,2712.81,2781.89
2017,78327,RES,ELEC,13453.97,13767.87
2017,78329,RES,ELEC,4103.9,4209.62
2017,78334,RES,ELEC,6784.35,6946.16
2017,78335,RES,ELEC,41405.13,42373.79
2017,78337,RES,ELEC,6570.09,6712.51
2017,78343,RES,ELEC,5639.57,5729.93
2017,78344,RES,ELEC,2768,2827.64
2017,78346,RES,ELEC,6392.33,6532.45
2017,78349,RES,ELEC,2541.87,2592.11
2017,78350,RES,ELEC,19809.76,20154.08
2017,78354,RES,ELEC,13964.32,14223.98
2017,78356,RES,ELEC,22133.49,22502.71
2017,78358,RES,ELEC,59671.97,60870.61
2017,78361,RES,ELEC,81038.23,82678.15
2017,78362,RES,ELEC,44044.72,44947.71
2017,78364,RES,ELEC,3346.09,3422.74
2017,78366,RES,ELEC,1411.18,1436.23
2017,78367,RES,ELEC,11020.66,11222.72
2017,78368,RES,ELEC,5197.38,5279.6
2017,78372,RES,ELEC,35998.5,36793.27
2017,78380,RES,ELEC,21205.59,21711.54
2017,78381,RES,ELEC,2688,2739.38
2017,78382,RES,ELEC,12948.7,13240.34
2017,78383,RES,ELEC,40188.31,40745.71
2017,78384,RES,ELEC,5231.59,5331.31
2017,78385,RES,ELEC,957.46,982.15
2017,78389,RES,ELEC,7283.72,7438.65
2017,78391,RES,ELEC,1420.46,1456.08
2017,78396,RES,ELEC,17367.96,17707.35
2017,78397,RES,ELEC,17244.41,17515.06
2017,78398,RES,ELEC,5184.7,5295.97
2017,78401,RES,ELEC,24854.21,25489.95
2017,78402,RES,ELEC,12242.53,12540.47
2017,78403,RES,ELEC,7155.58,7317.85
2017,78404,RES,ELEC,14856.99,15194.26
2017,78406,RES,ELEC,1556.8,1585.59
2017,78407,RES,ELEC,2854.61,2924.98
2017,78410,RES,ELEC,4619.48,4730.37
2017,78413,RES,ELEC,1671.75,1711.85
2017,78415,RES,ELEC,2577.87,2636.97
2017,78416,RES,ELEC,1443.35,1479.64
2017,78417,RES,ELEC,1132.9,1144.48
2017,78418,RES,ELEC,41814.55,42701.55
2017,78420,RES,ELEC,12690.04,12988.59
2017,78423,RES,ELEC,100648.8,103400.63
2017,78431,RES,ELEC,13284.89,13621.7
2017,78437,RES,ELEC,2870.84,2938.17
2017,78439,RES,ELEC,590.06,602.11
2017,78440,RES,ELEC,62259.68,63670.1
2017,78442,RES,ELEC,12137.78,12438.51
2017,78443,RES,ELEC,3105.66,3167.77
2017,78444,RES,ELEC,3508.85,3591.77
2017,78451,RES,ELEC,3348.23,3414.83
2017,78455,RES,ELEC,28008.13,28758.68
2017,78460,RES,ELEC,5017.04,5142.85
2017,78464,RES,ELEC,3832.01,3932.2
2017,78465,RES,ELEC,4275,4363.29
2017,78466,RES,ELEC,26501.77,27054.35
2017,78470,RES,ELEC,3955.87,4060.67
2017,78472,RES,ELEC,1213.25,1240.59
2017,78474,RES,ELEC,1262,1291.7
2017,78475,RES,ELEC,8926,9123.86
2017,78478,RES,ELEC,1099.79,1126.57
2017,78481,RES,ELEC,31999.71,32522.67
2017,78484,RES,ELEC,2817.58,2888.31
2017,78486,RES,ELEC,24781,25366.27
2017,78490,RES,ELEC,63985.79,64911.53
2017,78497,RES,ELEC,4868.96,4978.98
2017,78498,RES,ELEC,82469.31,84454.86
2017,78499,RES,ELEC,2843.03,2917.93
2017,78501,RES,ELEC,9700.4,9932.7
2017,78502,RES,ELEC,12950.23,13271.4
2017,78505,RES,ELEC,3348,3431.65
2017,78506,RES,ELEC,3911,4003.82
2017,78513,RES,ELEC,8515.34,8707.75
2017,78516,RES,ELEC,3656.96,3728.57
2017,78517,RES,ELEC,75821.45,77573.88
2017,78518,RES,ELEC,509.54,518.55
2017,78520,RES,ELEC,1659,1697.46
2017,78522,RES,ELEC,4657.59,4764.9
2017,78528,RES,ELEC,1428.92,1455.91
2017,78530,RES,ELEC,1469.88,1493.54
2017,78531,RES,ELEC,17719.37,18078.22
2017,78536,RES,ELEC,1681.55,1727.42
2017,78537,RES,ELEC,24206.15,24793.33
2017,78545,RES,ELEC,42578.69,43629.13
2017,78548,RES,ELEC,2294.86,2345.27
2017,78550,RES,ELEC,6539.49,6678.95
2017,78551,RES,ELEC,122110.56,125130.72
2017,78557,RES,ELEC,3697.6,3782.75
2017,78558,RES,ELEC,1462.66,1493.51
2017,78559,RES,ELEC,1660.92,1698.77
2017,78561,RES,ELEC,1813.95,1840.24
2017,78562,RES,ELEC,7190.12,7369.98
2017,78564,RES,ELEC,2525.25,2577.13
2017,78565,RES,ELEC,1630,1670.4
2017,78567,RES,ELEC,3516.09,3589.71
2017,78569,RES,ELEC,3268.88,3339.84
2017,78571,RES,ELEC,23885.49,24406.13
2017,78575,RES,ELEC,23072.62,23469.75
2017,78576,RES,ELEC,8046.27,8251.67
2017,78586,RES,ELEC,105700.24,107613.89
2017,78588,RES,ELEC,4081.08,4187.02
2017,78590,RES,ELEC,2558.44,2604.39
2017,78591,RES,ELEC,8618.96,8816.37
2017,78597,RES,ELEC,4993.99,5124.02
2017,78601,RES,ELEC,7160.65,7335.97
2017,78605,RES,ELEC,1416.99,1452.94
2017,78606,RES,ELEC,323.58,328.82
2017,78608,RES,ELEC,559.4,572.96
2017,78609,RES,ELEC,3948.49,4041.31
2017,78615,RES,ELEC,2315.74,2360.81
2017,78616,RES,ELEC,6005.82,6155.2
2017,78618,RES,ELEC,2609,2668.92
2017,78620,RES,ELEC,4085.4,4154.39
2017,78621,RES,ELEC,58664.09,60112.03
2017,78623,RES,ELEC,3952.69,4053.97
2017,78624,RES,ELEC,37278.69,38103.24
2017,78638,RES,ELEC,16912.37,17327.47
2017,78640,RES,ELEC,47456.72,47937.18
2017,78642,RES,ELEC,38792.43,39649.59
2017,78643,RES,ELEC,22911.54,23321.2
2017,78644,RES,ELEC,9284.86,9467.39
2017,78646,RES,ELEC,199189.28,203642.97
2017,78647,RES,ELEC,4207.01,4290.64
2017,78650,RES,ELEC,43115.77,43738.41
2017,78653,RES,ELEC,1705.02,1743.6
2017,78655,RES,ELEC,2745.42,2796.29
2017,78668,RES,ELEC,2455.7,2512.55
2017,78672,RES,ELEC,20117.66,20514.03
2017,78674,RES,ELEC,24090.26,24571.46
2017,78677,RES,ELEC,2189,2224.8
2017,78681,RES,ELEC,3387.03,3482.24
2017,78683,RES,ELEC,10281.19,10524
2017,78686,RES,ELEC,35644.01,36286.59
2017,78688,RES,ELEC,43472.54,44676.39
2017,91001,RES,ELEC,1376.39,1403.08
2017,91016,RES,ELEC,15157.48,15511.21
2017,91017,RES,ELEC,5579.5,5711.42
2017,91021,RES,ELEC,33315.2,34273.03
2017,91022,RES,ELEC,522.33,532.91
2017,91027,RES,ELEC,68493.07,69851.75
2017,91035,RES,ELEC,1754.14,1796.72
2017,91037,RES,ELEC,1258.16,1283.49
2017,91038,RES,ELEC,4335,4427.06
2017,91041,RES,ELEC,4403.88,4502.08
2017,91044,RES,ELEC,12826.36,13073.96
2017,91045,RES,ELEC,20886.22,21282.82
2017,91047,RES,ELEC,4317,4410.61
2017,91064,RES,ELEC,17119.62,17475.57
2017,91067,RES,ELEC,462.82,473.01
2017,91069,RES,ELEC,2123.76,2166.78
2017,91075,RES,ELEC,395.25,405.63
2017,91079,RES,ELEC,2285.37,2328.29
2017,91080,RES,ELEC,4203.99,4299.91
2017,91081,RES,ELEC,2684.07,2745.96
2017,91085,RES,ELEC,13139.46,13439.68
2017,91086,RES,ELEC,27001.49,27572.77
2017,91093,RES,ELEC,2705.7,2770.38
2017,91095,RES,ELEC,6664,6806.1
2017,91097,RES,ELEC,15409.39,15740.13
2017,91098,RES,ELEC,1625.76,1658.74
2017,91099,RES,ELEC,10727.99,10963.37
2017,91100,RES,ELEC,2281,2327.49
2017,91103,RES,ELEC,60842.13,62083.82
2017,91105,RES,ELEC,21658.8,22033.82
2017,91106,RES,ELEC,3755.24,3824.94
2017,91109,RES,ELEC,4172.08,4265.37
2017,91111,RES,ELEC,12339.88,12637.78
2017,91112,RES,ELEC,498.13,505.94
2017,91114,RES,ELEC,59529.55,60540.63
2017,91115,RES,ELEC,10100.86,10320.09
2017,91121,RES,ELEC,2168.34,2212.24
2017,91122,RES,ELEC,26455,26969.84
2017,91129,RES,ELEC,10101.01,10289.23
2017,91130,RES,ELEC,4647.09,4743.02
2017,91131,RES,ELEC,1665.76,1703.01
2017,91132,RES,ELEC,3636,3715.12
2017,91135,RES,ELEC,7682.66,7839.93
2017,91136,RES,ELEC,9078.72,9255.62
2017,91137,RES,ELEC,1419.34,1450.18
2017,91145,RES,ELEC,280.89,287.54
2017,91148,RES,ELEC,453.54,463.3
2017,91156,RES,ELEC,6679.36,6826.81
2017,91159,RES,ELEC,5391.52,5519.74
2017,91161,RES,ELEC,41799.11,42743.12
2017,91174,RES,ELEC,124729.9,127969.15
2017,91175,RES,ELEC,5917.11,6059.12
2017,91179,RES,ELEC,14301.74,14578.67
2017,91180,RES,ELEC,1226.99,1245.31
2017,91184,RES,ELEC,807.99,822.57
2017,91186,RES,ELEC,2534.56,2602.7
2017,91191,RES,ELEC,22200.62,22695.33
2017,91195,RES,ELEC,2582,2626.89
2017,91198,RES,ELEC,5290.72,5403.87
2017,91200,RES,ELEC,29655.72,30266.3
2017,91201,RES,ELEC,76991.71,78616.37
2017,91204,RES,ELEC,2568.18,2627.98
2017,91207,RES,ELEC,14003.33,14305.98
2017,91215,RES,ELEC,17048.65,17225.22
2017,91216,RES,ELEC,24819.02,25227.49
2017,91223,RES,ELEC,71053.57,72919.23
2017,91225,RES,ELEC,9536.54,9673.88
2017,91226,RES,ELEC,21640.21,22101.7
2017,91228,RES,ELEC,115124.29,116825.14
2017,91232,RES,ELEC,12692.68,12975.17
2017,91235,RES,ELEC,15427.95,15797.85
2017,91240,RES,ELEC,735.66,748.87
2017,91243,RES,ELEC,6864.87,7013.69
2017,91244,RES,ELEC,4893.62,5004.74
2017,91247,RES,ELEC,1924.23,1972.96
2017,91248,RES,ELEC,598.73,613.27
2017,91249,RES,ELEC,14149.44,14487.35
2017,91272,RES,ELEC,74674.49,76841.84
2017,91273,RES,ELEC,3178.15,3251.56
2017,91274,RES,ELEC,5544.13,5652.04
2017,91275,RES,ELEC,8206.59,8369.83
2017,91284,RES,ELEC,3870.77,3946.69
2017,91286,RES,ELEC,38838.19,39201.89
2017,91292,RES,ELEC,2958.09,3023.35
2017,91293,RES,ELEC,2876,2931.12
2017,91294,RES,ELEC,3424.58,3496.32
2017,91312,RES,ELEC,27282.13,27742.48
2017,91315,RES,ELEC,20717.95,21133.35
2017,91318,RES,ELEC,5948.99,6059.26
2017,91319,RES,ELEC,2712.18,2766.2
2017,91326,RES,ELEC,39358.4,40200.68
2017,91330,RES,ELEC,16638,16965.55
2017,91332,RES,ELEC,4415.7,4516.55
2017,91333,RES,ELEC,12983.46,13255.71
2017,91338,RES,ELEC,22302.15,22782.82
2017,91339,RES,ELEC,21111.91,21605.44
2017,91340,RES,ELEC,27132.96,27804.77
2017,91345,RES,ELEC,51252.67,52606.47
2017,91347,RES,ELEC,20076.2,20508.4
2017,91359,RES,ELEC,9854.79,10076.99
2017,91363,RES,ELEC,27181.26,27795.74
2017,91374,RES,ELEC,912.41,935.29
2017,91376,RES,ELEC,15789,16139.67
2017,91377,RES,ELEC,89407.81,90632.05
2017,91378,RES,ELEC,1165.93,1192.53
2017,91386,RES,ELEC,36422.67,37067.78
2017,91390,RES,ELEC,13328.07,13604.12
2017,91393,RES,ELEC,2132.11,2180.87
2017,91399,RES,ELEC,878.58,898.96
2017,91405,RES,ELEC,21614.21,22145.64
2017,91408,RES,ELEC,4513,4592.21
2017,91411,RES,ELEC,6871.55,7024.93
2017,91412,RES,ELEC,2814,2882.35
2017,91414,RES,ELEC,1683.41,1724.78
2017,91421,RES,ELEC,59190.7,60309.59
2017,91425,RES,ELEC,26694.02,27348.42
2017,91432,RES,ELEC,37046.18,37810.72
2017,91433,RES,ELEC,17282.87,17716.42
2017,91434,RES,ELEC,48944.4,49841.96
2017,91435,RES,ELEC,2706.18,2757.53
2017,91441,RES,ELEC,2241.6,2295
2017,91457,RES,ELEC,13219.18,13517.72
2017,91458,RES,ELEC,13068.19,13306.58
2017,91461,RES,ELEC,13276.39,13557.62
2017,91463,RES,ELEC,4155.13,4240.15
2017,91468,RES,ELEC,7969.08,8176.95
2017,91469,RES,ELEC,3533.35,3599.04
2017,91471,RES,ELEC,48507.28,49523.52
2017,91473,RES,ELEC,607,620.25
2017,91477,RES,ELEC,74135.05,75590.82
2017,91479,RES,ELEC,22414.06,22895.53
2017,91482,RES,ELEC,2356.97,2411.48
2017,91494,RES,ELEC,12598.45,12916.46
2017,91495,RES,ELEC,1118.54,1146.03
2017,91507,RES,ELEC,1318.23,1343.97
2017,91508,RES,ELEC,1147.68,1170.82
2017,91511,RES,ELEC,7605.85,7794.88
2017,91514,RES,ELEC,22321.69,22781.4
2017,91519,RES,ELEC,1575.97,1607.53
2017,91521,RES,ELEC,54835.54,55801.73
2017,91525,RES,ELEC,4962.12,5075.94
2017,91526,RES,ELEC,364.67,371.53
2017,91533,RES,ELEC,7011.51,7180.68
2017,91534,RES,ELEC,11554.04,11770.07
2017,91538,RES,ELEC,3671.35,3759.86
2017,91540,RES,ELEC,16346.09,16709.81
2017,91544,RES,ELEC,2172.87,2212.85
2017,91546,RES,ELEC,4415.95,4510.18
2017,91547,RES,ELEC,2157.92,2214.09
2017,91549,RES,ELEC,88454.69,90145.61
2017,91552,RES,ELEC,26310.59,26929.97
2017,91553,RES,ELEC,21533.77,21974.92
2017,91556,RES,ELEC,1631.29,1664.1
2017,91560,RES,ELEC,1784.96,1819
2017,91568,RES,ELEC,5697.69,5814.96
2017,91570,RES,ELEC,39238.4,39804.33
2017,91573,RES,ELEC,24061.87,24469.03
2017,91577,RES,ELEC,17979.42,18375.88
2017,91578,RES,ELEC,1281.01,1300.88
2017,91579,RES,ELEC,9089.48,9285.42
2017,91581,RES,ELEC,3837.26,3932.77
2017,91587,RES,ELEC,19859.76,20370.34
2017,91589,RES,ELEC,86874.9,88496.76
2017,91593,RES,ELEC,6306.91,6441
2017,91599,RES,ELEC,3945,4015.9
2017,91600,RES,ELEC,25436.07,26092.97
2017,91602,RES,ELEC,1164.6,1187.61
2017,91613,RES,ELEC,903.09,925.57
2017,91617,RES,ELEC,10105.75,10326.57
2017,91619,RES,ELEC,987.98,1007.89
2017,91629,RES,ELEC,2679.06,2744.75
2017,91630,RES,ELEC,6142.86,6285.38
2017,91631,RES,ELEC,10048.83,10267.35
2017,91634,RES,ELEC,5166.83,5291.45
2017,91635,RES,ELEC,6643.08,6779.57
2017,91639,RES,ELEC,2867.99,2928.13
2017,91645,RES,ELEC,50149.82,51363.52
2017,91648,RES,ELEC,7342,7491.93
2017,91649,RES,ELEC,7965.16,8117.45
2017,91654,RES,ELEC,2497,2551.3
2017,91657,RES,ELEC,65050.96,66232.06
2017,91659,RES,ELEC,16809.83,17195.98
2017,91661,RES,ELEC,32197.26,32936.57
2017,91662,RES,ELEC,2946.54,3014.28
2017,91665,RES,ELEC,24774.1,25341.63
2017,91666,RES,ELEC,10720.31,11002.2
2017,91667,RES,ELEC,24139.43,24758.6
2017,91671,RES,ELEC,2938,3010.76
2017,91679,RES,ELEC,5036.99,5171.55
2017,91685,RES,ELEC,11044.44,11236.11
2017,91687,RES,ELEC,69061.77,70451.43
2017,91689,RES,ELEC,25131.8,25743.6
2017,91691,RES,ELEC,77247.73,78990.99
2017,91692,RES,ELEC,42099.52,42352.74
2017,92002,RES,ELEC,149499.6,153347.56
2017,92004,RES,ELEC,190053.46,196472.25
2017,92007,RES,ELEC,66647.2,68246.99
2017,92009,RES,ELEC,60466.86,62104.59
2017,92012,RES,ELEC,312590.2,322595.77
2017,92014,RES,ELEC,46759.53,48145.3
2017,92019,RES,ELEC,64807.79,66679.55
2017,92020,RES,ELEC,83016.92,85795.54
2017,92022,RES,ELEC,44026.64,45176.97
2017,92023,RES,ELEC,111969.8,114468.26
2017,92024,RES,ELEC,118559.88,122191.24
2017,92025,RES,ELEC,154992.51,158169.65
2017,92026,RES,ELEC,192853.49,198340.84
2017,92032,RES,ELEC,45942.6,47157.08
2017,92033,RES,ELEC,45826.4,47043.36
2017,92035,RES,ELEC,76852.02,79506.39
2017,92036,RES,ELEC,72254.76,73525.06
2017,92040,RES,ELEC,175749.08,182238.73
2017,92044,RES,ELEC,174637.04,180316.52
2017,92046,RES,ELEC,65073.56,67311.8
2017,92047,RES,ELEC,5189.04,5268.76
2017,92048,RES,ELEC,87944.4,89748.24
2017,92049,RES,ELEC,119601.29,124086.8
2017,92050,RES,ELEC,169545.52,173444.91
2017,92051,RES,ELEC,176160.58,181511.6
2017,92060,RES,ELEC,68044.44,70291.6
2017,92062,RES,ELEC,121728.28,125740.92
2017,92063,RES,ELEC,196196.84,202126.17
2017,92064,RES,ELEC,73712.66,76005.17
2017,92071,RES,ELEC,48743.9,50175.79
2017,92072,RES,ELEC,54289.88,55711.68
2017,92073,RES,ELEC,109314.9,112290.13
2017,92075,RES,ELEC,58529.05,60562.8
2017,92076,RES,ELEC,22618.81,23132.85
2017,92077,RES,ELEC,24445.66,25036.38
2017,92078,RES,ELEC,40302.7,41253.09
2017,93001,RES,ELEC,155860.65,161207.19
2017,93005,RES,ELEC,152409.9,155297.01
2017,93006,RES,ELEC,69800.5,71330.73
2017,93007,RES,ELEC,99904.58,101834.58
2017,93008,RES,ELEC,79627.31,81166.91
2017,93010,RES,ELEC,91788.25,93727.07
2017,93013,RES,ELEC,35002.58,36130.34
2017,93014,RES,ELEC,44025.06,44944.2
2017,93015,RES,ELEC,13411.25,13790.75
2017,93027,RES,ELEC,75519.97,77693.15
2017,93029,RES,ELEC,131110.6,134319.24
2017,93030,RES,ELEC,16171.43,16549.54
2017,93031,RES,ELEC,88945.46,91491.29
2017,93032,RES,ELEC,82306.3,84194.78
2017,93033,RES,ELEC,20665.95,21184.21
2017,93039,RES,ELEC,13044,13402.42
2017,93045,RES,ELEC,52475.37,54376.43
2017,93046,RES,ELEC,99411.03,102098.95
2017,93047,RES,ELEC,57986.05,59329.48
2017,93048,RES,ELEC,232126.46,239001.77
2017,93049,RES,ELEC,50722.65,52206.92
2017,93050,RES,ELEC,62098.35,63217.62
2017,93051,RES,ELEC,165841.16,171544.89
2017,93053,RES,ELEC,74673.87,76544.92
2017,93055,RES,ELEC,113562.4,117462.68
2017,93057,RES,ELEC,53398.41,54774.63
2017,93059,RES,ELEC,59107.4,60839.14
2017,93061,RES,ELEC,35216.77,36429.93
2017,93062,RES,ELEC,40279.73,41468.29
2017,93063,RES,ELEC,54828.88,56290.99
2017,93064,RES,ELEC,96659.92,99122.01
2017,93066,RES,ELEC,204797.79,210676.75
2017,93070,RES,ELEC,115774.65,119767.8
2017,93071,RES,ELEC,85627.29,87280.93
2017,93072,RES,ELEC,62327.03,63726.02
2017,93073,RES,ELEC,84841.66,86610.77
2017,93074,RES,ELEC,18476.32,19024.66
2017,93077,RES,ELEC,62066.64,63534.35
2017,93078,RES,ELEC,74230.64,75850.58
2017,93079,RES,ELEC,22746.01,23344.19
2017,94001,RES,ELEC,12436.06,12739.07
2017,94002,RES,ELEC,94527.9,97161.25
2017,94003,RES,ELEC,43108.98,44044.4
2017,94004,RES,ELEC,35421,36342.56
2017,94011,RES,ELEC,30326.35,30796.57
2017,94015,RES,ELEC,45591.8,46955.57
2017,94016,RES,ELEC,54417.26,55517.18
2017,94017,RES,ELEC,141637.19,144233.56
2017,94018,RES,ELEC,80041.12,83148.93
2017,94019,RES,ELEC,45764.35,46866.1
2017,94021,RES,ELEC,40802.7,41619.15
2017,94022,RES,ELEC,85779.95,88025.16
2017,94028,RES,ELEC,143340.98,145480.95
2017,94033,RES,ELEC,105819.1,107936.25
2017,94034,RES,ELEC,43346.46,44030.97
2017,94037,RES,ELEC,33321.89,34363.63
2017,94038,RES,ELEC,57963.34,59253.96
2017,94041,RES,ELEC,123517.51,127021.48
2017,94042,RES,ELEC,43938.02,45153.43
2017,94043,RES,ELEC,55917.33,57937.94
2017,94044,RES,ELEC,58538.28,60195.43
2017,94046,RES,ELEC,115567.34,118398.09
2017,94047,RES,ELEC,16850.4,17369.59
2017,94048,RES,ELEC,25442.69,26418.75
2017,94052,RES,ELEC,85125.28,87898.63
2017,94053,RES,ELEC,13087.71,13396.4
2017,94054,RES,ELEC,40498.61,41415.67
2017,94055,RES,ELEC,29761.81,30454.81
2017,94056,RES,ELEC,9450.77,9718.87
2017,94058,RES,ELEC,90272.43,92902.56
2017,94059,RES,ELEC,48095.03,49415.43
2017,94060,RES,ELEC,28715.62,29380.74
2017,94065,RES,ELEC,24008.96,24764.08
2017,94067,RES,ELEC,57487.85,59508.68
2017,94068,RES,ELEC,193846.69,198176.4
2017,94069,RES,ELEC,35838.55,37243.97
2017,94070,RES,ELEC,12894.59,13154.75
2017,94071,RES,ELEC,66941,68503.48
2017,94073,RES,ELEC,68419.2,70373.49
2017,94074,RES,ELEC,24513.7,24978.75
2017,94075,RES,ELEC,30403.18,31174.56
2017,94076,RES,ELEC,104853.85,107301.27
2017,94077,RES,ELEC,44946.24,45923.78
2017,94078,RES,ELEC,65063.48,66945.55
2017,94079,RES,ELEC,62524.41,64192.82
2017,94080,RES,ELEC,124081.68,128708.88
2017,94081,RES,ELEC,160808.75,164019.32
2017,95002,RES,ELEC,4079.81,4176.4
2017,95008,RES,ELEC,2708.12,2772.92
2017,95011,RES,ELEC,1675.37,1713.68
2017,95012,RES,ELEC,840.33,859.42
2017,95014,RES,ELEC,7614,7771.65
2017,95018,RES,ELEC,213667.84,217857.96
2017,95019,RES,ELEC,33865.48,34503.66
2017,95023,RES,ELEC,3019.31,3097.75
2017,95024,RES,ELEC,1267.08,1296.46
2017,95026,RES,ELEC,8531.41,8706.57
2017,95028,RES,ELEC,5904.16,6055.66
2017,95039,RES,ELEC,22090.09,22499.6
2017,95040,RES,ELEC,3858.93,3958.61
2017,95042,RES,ELEC,6713.68,6837.79
2017,95046,RES,ELEC,482.95,492.6
2017,95051,RES,ELEC,24967.69,25440.42
2017,95052,RES,ELEC,25124.75,25730.96
2017,95054,RES,ELEC,981.1,1002.75
2017,95055,RES,ELEC,1304.1,1332.98
2017,95056,RES,ELEC,6365.93,6492.77
2017,95058,RES,ELEC,6058.44,6164.6
2017,95059,RES,ELEC,1557.15,1595.09
2017,95060,RES,ELEC,19211.54,19617.7
2017,95061,RES,ELEC,1629.43,1658.25
2017,95063,RES,ELEC,60631.59,61743.37
2017,95074,RES,ELEC,3811.46,3902.63
2017,95078,RES,ELEC,7703.89,7875.56
2017,95088,RES,ELEC,3484.31,3573.71
2017,95091,RES,ELEC,16587.94,17020.11
2017,95094,RES,ELEC,1255.77,1288.74
2017,95101,RES,ELEC,3554.93,3648.37
2017,95102,RES,ELEC,1812.21,1857.47
2017,95110,RES,ELEC,582.51,590.34
2017,95116,RES,ELEC,10966.09,11214.31
2017,95119,RES,ELEC,1384.55,1415.3
2017,95120,RES,ELEC,5775.68,5866.92
2017,95127,RES,ELEC,151758.05,155032.38
2017,95134,RES,ELEC,16161.43,16506.73
2017,95139,RES,ELEC,1396.33,1428.06
2017,95141,RES,ELEC,238.59,245.86
2017,95142,RES,ELEC,6308.7,6443.1
2017,95144,RES,ELEC,304.65,312.84
2017,95149,RES,ELEC,12235.41,12518.13
2017,95150,RES,ELEC,2784.91,2849.35
2017,95151,RES,ELEC,1060.72,1073.72
2017,95154,RES,ELEC,1442.46,1480.51
2017,95157,RES,ELEC,806.21,823.68
2017,95166,RES,ELEC,1938.58,1987.93
2017,95169,RES,ELEC,1813.22,1860.67
2017,95170,RES,ELEC,2012.62,2062.2
2017,95176,RES,ELEC,60894.9,62193.79
2017,95177,RES,ELEC,4456.36,4547.14
2017,95181,RES,ELEC,849.47,862.71
2017,95183,RES,ELEC,17964.93,18372.57
2017,95197,RES,ELEC,58410.5,59838.75
2017,95199,RES,ELEC,37577.15,38321.96
2017,95203,RES,ELEC,53576.72,54529.05
2017,95205,RES,ELEC,20612.17,21125.7
2017,95210,RES,ELEC,35343.95,36143.2
2017,95211,RES,ELEC,8642.03,8776.24
2017,95212,RES,ELEC,624.59,641.68
2017,95213,RES,ELEC,2842.22,2908.74
2017,95214,RES,ELEC,302.58,310.04
2017,95218,RES,ELEC,36558.68,37014.57
2017,95219,RES,ELEC,58682.46,59677.39
2017,95229,RES,ELEC,23260.95,23766.57
2017,95241,RES,ELEC,6801.38,6971.12
2017,95250,RES,ELEC,20062.37,20384.52
2017,95252,RES,ELEC,72429.26,73747.8
2017,95253,RES,ELEC,2157.53,2213.32
2017,95254,RES,ELEC,2268.41,2323.15
2017,95256,RES,ELEC,8686.79,8836.48
2017,95257,RES,ELEC,13229.7,13484.72
2017,95258,RES,ELEC,1569.19,1604.18
2017,95268,RES,ELEC,60955.18,61996.66
2017,95270,RES,ELEC,2287.12,2339.16
2017,95271,RES,ELEC,2500.12,2561.65
2017,95277,RES,ELEC,58000.17,59371.25
2017,95280,RES,ELEC,65559.59,66844.82
2017,95282,RES,ELEC,537.57,549.61
2017,95287,RES,ELEC,3077.4,3153.97
2017,95288,RES,ELEC,23545.73,24073.06
2017,95295,RES,ELEC,825.89,846.64
2017,95298,RES,ELEC,2469.8,2526.1
2017,95301,RES,ELEC,1176.9,1197.44
2017,95303,RES,ELEC,939.69,961.12
2017,95304,RES,ELEC,1379.3,1412.64
2017,95306,RES,ELEC,71662.98,73138.03
2017,95308,RES,ELEC,2933.8,3015.81
2017,95309,RES,ELEC,894.7,915.24
2017,95313,RES,ELEC,38996.19,39861.29
2017,95316,RES,ELEC,1215.53,1243.34
2017,95323,RES,ELEC,43328.14,44378.92
2017,95328,RES,ELEC,2520.24,2581.43
2017,95331,RES,ELEC,587.81,602.01
2017,95341,RES,ELEC,1629.54,1673.66
2017,95348,RES,ELEC,2162.86,2220.15
2017,95351,RES,ELEC,23263.62,23737.02
2017,95352,RES,ELEC,15800.83,16176.95
2017,95353,RES,ELEC,5707.31,5836.01
2017,95355,RES,ELEC,19780.78,20237.69
2017,95365,RES,ELEC,2982.79,3056.58
2017,95369,RES,ELEC,8124.05,8304.46
2017,95370,RES,ELEC,11945.35,12211.5
2017,95371,RES,ELEC,14838.51,15116.69
2017,95379,RES,ELEC,863.32,879.47
2017,95387,RES,ELEC,337.94,344.1
2017,95388,RES,ELEC,10368.31,10509.88
2017,95392,RES,ELEC,14276.09,14530.36
2017,95394,RES,ELEC,28808,29488.18
2017,95395,RES,ELEC,3853.32,3959.85
2017,95409,RES,ELEC,4427.67,4508.04
2017,95422,RES,ELEC,1351.49,1381.3
2017,95424,RES,ELEC,39021.93,39675.71
2017,95426,RES,ELEC,9526.22,9724.71
2017,95427,RES,ELEC,34061.95,34956.01
2017,95428,RES,ELEC,53541.2,54718.52
2017,95429,RES,ELEC,1935.95,1979.37
2017,95430,RES,ELEC,9586.54,9759.4
2017,95436,RES,ELEC,6327.48,6520.08
2017,95438,RES,ELEC,461.21,473.3
2017,95445,RES,ELEC,2822.96,2898.89
2017,95446,RES,ELEC,7193.83,7316.95
2017,95447,RES,ELEC,870.06,893.77
2017,95450,RES,ELEC,7048.93,7225.95
2017,95452,RES,ELEC,3218.34,3302.64
2017,95456,RES,ELEC,2688.81,2757.9
2017,95459,RES,ELEC,2474.99,2519.18
2017,95462,RES,ELEC,1415.63,1450.43
2017,95476,RES,ELEC,50952.64,52218.24
2017,95480,RES,ELEC,15766.46,16052.7
2017,95483,RES,ELEC,2141.15,2194.05
2017,95487,RES,ELEC,29350.61,30079
2017,95488,RES,ELEC,24155.95,24728.84
2017,95489,RES,ELEC,3130.65,3202.97
2017,95491,RES,ELEC,21190.15,21668.27
2017,95492,RES,ELEC,251.65,258.4
2017,95493,RES,ELEC,579.89,589.6
2017,95500,RES,ELEC,65792.1,67216.72
2017,95504,RES,ELEC,13035.26,13310.67
2017,95509,RES,ELEC,7352.25,7453.99
2017,95510,RES,ELEC,3135.87,3220.32
2017,95523,RES,ELEC,1804.28,1842.13
2017,95527,RES,ELEC,11580.77,11913.94
2017,95529,RES,ELEC,2912.1,2966.58
2017,95535,RES,ELEC,4653.15,4760.11
2017,95539,RES,ELEC,43332.28,44585.95
2017,95541,RES,ELEC,3563.98,3661.27
2017,95543,RES,ELEC,1017.64,1040.64
2017,95554,RES,ELEC,3804.01,3884.11
2017,95555,RES,ELEC,45746.63,46772.12
2017,95563,RES,ELEC,43902.3,44909.76
2017,95566,RES,ELEC,8069.71,8270.92
2017,95572,RES,ELEC,59752.6,60922.97
2017,95574,RES,ELEC,23837.02,24368.65
2017,95580,RES,ELEC,11004.5,11295.5
2017,95582,RES,ELEC,59845.57,61149.89
2017,95584,RES,ELEC,2696.94,2763.03
2017,95585,RES,ELEC,99609.65,100972.57
2017,95592,RES,ELEC,5796,5938.43
2017,95594,RES,ELEC,3241.75,3304.37
2017,95598,RES,ELEC,42855.39,43789.38
2017,95604,RES,ELEC,9743.73,9971.86
2017,95607,RES,ELEC,63965.01,65277.83
2017,95610,RES,ELEC,1461.7,1494.66
2017,95611,RES,ELEC,261.08,268.62
2017,95612,RES,ELEC,13288.75,13575.24
2017,95625,RES,ELEC,4725.72,4835.5
2017,95627,RES,ELEC,2993.77,3065.78
2017,95628,RES,ELEC,4373.62,4455.27
2017,95633,RES,ELEC,569.07,583.66
2017,95637,RES,ELEC,40328.1,41235.56
2017,95641,RES,ELEC,7918.79,8093.37
2017,95651,RES,ELEC,3651.85,3726.89
2017,95652,RES,ELEC,18121.83,18512.99
2017,95656,RES,ELEC,2228.38,2277.58
2017,95658,RES,ELEC,4389.42,4480.73
2017,95660,RES,ELEC,2590.71,2642.37
2017,95675,RES,ELEC,3294.91,3380.12
2017,95676,RES,ELEC,2364.66,2414.55
2017,95678,RES,ELEC,3048.93,3101.98
2017,95680,RES,ELEC,55709.46,56854.38
2017,95682,RES,ELEC,873.64,897.07
2017,95690,RES,ELEC,1918.61,1959.66
